{"A":{"0":0.2479932084,"1":1.3085721265,"2":0.5451589057,"3":-1.3879624094,"4":-1.1534840202,"5":-0.3190651767,"6":-0.4521576225,"7":-0.4777422355,"8":-0.9993085148,"9":0.1295266114},"B":{"0":1.6527685073,"1":1.5482754599,"2":-0.092372717,"3":-0.1571260078,"4":-0.6141133456,"5":1.2302884858,"6":-1.184044456,"7":-1.7526894515,"8":0.5709672222,"9":0.9957003926},"C":{"0":-0.4980269473,"1":0.2896215827,"2":0.0871516567,"3":1.0043556235,"4":0.8855273871,"5":-0.8799059317,"6":1.1882697493,"7":1.010990624,"8":-0.1537608499,"9":0.3817991875},"D":{"0":0.0216728644,"1":-0.2281008498,"2":0.4832555274,"3":-0.1877459521,"4":-0.4888844837,"5":0.5857892869,"6":1.1008455844,"7":0.3782131093,"8":-0.0189189907,"9":-1.0410798962},"E":{"0":0.8954493256,"1":0.059609446,"2":1.6531115867,"3":1.2513483955,"4":-0.8821216262,"5":1.6848914728,"6":-1.1417344678,"7":0.3824145869,"8":-0.9435639721,"9":-0.7564649411}}